{"cameraMode":{"drawMode":0,"name":"Shaded","section":"Shading Mode"},"sceneLighting":true,"audioPlay":false,"sceneViewState":{"showFog":true,"showMaterialUpdate":false,"showSkybox":true,"showFlares":true,"showImageEffects":true,"showParticleSystems":true},"in2DMode":false,"pivot":{"x":4.470348358154297e-8,"y":1.659999966621399,"z":0.36970004439353945},"rotation":{"x":0.12156576663255692,"y":-0.5960679650306702,"z":0.09191679954528809,"w":0.7883381843566895},"size":1.3732051849365235,"orthographic":false}